,ocr_text
96," 
"
85,
51,"SPECIFICATIONS.

 
"
94,
3," 
"
91," 
"
53," 
"
44," 
"
35,"CSU LE

 
"
19," 
"
95," 
"
72,"® Radiator with 9 Fins

   
   
   
  
   
  

 
"
69," 

 

 
"
1,
14,"Ipes

 
"
61," 
"
5,
87," 
"
58,
7,
56,
50,
27," 
"
47,
21," 
"
80," 
"
92," 
"
10,"TAT FREE

  

Sopiutt FREE
"
0," 
"
49,
67," 
"
24,
8," 
"
66,"irate Race

we

 
"
82,
23," 
"
36,"ey

 

fete einai

 

Zi
Xx
Chyavanprashad

 

3900

gm
"
32,"Lengths App ms Jam"".
"
57," 
"
55," 

Weightag
"
30,
65," 
"
40,"20in/ V7 en
"
28,"Different Mode
Different Experience

 

 
"
20," 
"
42," 
"
75,
63," 
"
31,
11," 
"
90,"Cee

Ceo

Ey
cay

 
"
86,"Large Size & Lightweight

 
"
74,"re
"
26," 
"
62," 
"
41," 
"
6,"PRODUCT SIZE

 
"
12,"o-6@
cee
"
98,
22," 
"
9,"Product Parameter

ren Produc Name: emda ag

 
"
81," 

 
"
4,"iy Sts Large tamforste

oun ~ Ce

  
"
17," 
"
93," 
"
52," 
"
15," 

 
"
89,"30x 30cm

   

32cm
"
79,
13,
33,
34,"PRODUCT SIZE

  
"
45,"a MOTOR
Wl

 
"
73,
43," 
"
76,
83," 
"
70," 
"
38," 
"
29," 

seat
fs
"
60," 
"
99,
25," 
"
48,
78,"“@ Dimensions

3 pack
"
59," 
"
97," 

Sem}

ame
Tongan
tem
"
68," 
"
71,"6.2.63""

h ssomia9""

1 Sorat Tas sath
"
39," 
"
16,"Get your friends around

1 Tikeagame A layers
"
84,"27em/10.6in

G7

Tem i6.Fin
"
18," 
"
64,")
"
2," 
"
88," 
"
37,
77," 
"
46,"SPREAD POSITIVITY

 
"
54,
